Workbook

Sheet サマリー
B2: 就活サマリー
B3: 企業一覧シートの内容から自動集計されます（入力不要）。
B5: ① ランク別 × インターン状況
B6: ランク | C6: 社数 | D6: 平均年収 目安(万) | E6: 未応募 | F6: 応募予定 | G6: ES提出済 | H6: 選考中 | I6: 参加済み | J6: 落選 | K6: 見送り
B7: 最高 | C7: =COUNTIF('企業一覧'!$B$5:$B$200,B7) | D7: =IFERROR(AVERAGEIF('企業一覧'!$B$5:$B$200,B7,'企業一覧'!$F$5:$F$200),"-") | E7: =COUNTIFS('企業一覧'!$B$5:$B$200,$B7,'企業一覧'!$H$5:$H$200,"未応募") | F7: =COUNTIFS('企業一覧'!$B$5:$B$200,$B7,'企業一覧'!$H$5:$H$200,"応募予定") | G7: =COUNTIFS('企業一覧'!$B$5:$B$200,$B7,'企業一覧'!$H$5:$H$200,"ES提出済") | H7: =COUNTIFS('企業一覧'!$B$5:$B$200,$B7,'企業一覧'!$H$5:$H$200,"選考中") | I7: =COUNTIFS('企業一覧'!$B$5:$B$200,$B7,'企業一覧'!$H$5:$H$200,"参加済み") | J7: =COUNTIFS('企業一覧'!$B$5:$B$200,$B7,'企業一覧'!$H$5:$H$200,"落選") | K7: =COUNTIFS('企業一覧'!$B$5:$B$200,$B7,'企業一覧'!$H$5:$H$200,"見送り")
B8: 良い | C8: =COUNTIF('企業一覧'!$B$5:$B$200,B8) | D8: =IFERROR(AVERAGEIF('企業一覧'!$B$5:$B$200,B8,'企業一覧'!$F$5:$F$200),"-") | E8: =COUNTIFS('企業一覧'!$B$5:$B$200,$B8,'企業一覧'!$H$5:$H$200,"未応募") | F8: =COUNTIFS('企業一覧'!$B$5:$B$200,$B8,'企業一覧'!$H$5:$H$200,"応募予定") | G8: =COUNTIFS('企業一覧'!$B$5:$B$200,$B8,'企業一覧'!$H$5:$H$200,"ES提出済") | H8: =COUNTIFS('企業一覧'!$B$5:$B$200,$B8,'企業一覧'!$H$5:$H$200,"選考中") | I8: =COUNTIFS('企業一覧'!$B$5:$B$200,$B8,'企業一覧'!$H$5:$H$200,"参加済み") | J8: =COUNTIFS('企業一覧'!$B$5:$B$200,$B8,'企業一覧'!$H$5:$H$200,"落選") | K8: =COUNTIFS('企業一覧'!$B$5:$B$200,$B8,'企業一覧'!$H$5:$H$200,"見送り")
B9: 滑り止め | C9: =COUNTIF('企業一覧'!$B$5:$B$200,B9) | D9: =IFERROR(AVERAGEIF('企業一覧'!$B$5:$B$200,B9,'企業一覧'!$F$5:$F$200),"-") | E9: =COUNTIFS('企業一覧'!$B$5:$B$200,$B9,'企業一覧'!$H$5:$H$200,"未応募") | F9: =COUNTIFS('企業一覧'!$B$5:$B$200,$B9,'企業一覧'!$H$5:$H$200,"応募予定") | G9: =COUNTIFS('企業一覧'!$B$5:$B$200,$B9,'企業一覧'!$H$5:$H$200,"ES提出済") | H9: =COUNTIFS('企業一覧'!$B$5:$B$200,$B9,'企業一覧'!$H$5:$H$200,"選考中") | I9: =COUNTIFS('企業一覧'!$B$5:$B$200,$B9,'企業一覧'!$H$5:$H$200,"参加済み") | J9: =COUNTIFS('企業一覧'!$B$5:$B$200,$B9,'企業一覧'!$H$5:$H$200,"落選") | K9: =COUNTIFS('企業一覧'!$B$5:$B$200,$B9,'企業一覧'!$H$5:$H$200,"見送り")
B10: 合計 | C10: =SUM(C7:C9) | D10: =IFERROR(AVERAGE('企業一覧'!$F$5:$F$200),"-") | E10: =SUM(E7:E9) | F10: =SUM(F7:F9) | G10: =SUM(G7:G9) | H10: =SUM(H7:H9) | I10: =SUM(I7:I9) | J10: =SUM(J7:J9) | K10: =SUM(K7:K9)
B13: ② ランク別 × 本選考状況
B14: ランク | C14: 未応募 | D14: 応募予定 | E14: ES提出済 | F14: 選考中 | G14: 内定 | H14: 落選 | I14: 見送り
B15: 最高 | C15: =COUNTIFS('企業一覧'!$B$5:$B$200,$B15,'企業一覧'!$J$5:$J$200,"未応募") | D15: =COUNTIFS('企業一覧'!$B$5:$B$200,$B15,'企業一覧'!$J$5:$J$200,"応募予定") | E15: =COUNTIFS('企業一覧'!$B$5:$B$200,$B15,'企業一覧'!$J$5:$J$200,"ES提出済") | F15: =COUNTIFS('企業一覧'!$B$5:$B$200,$B15,'企業一覧'!$J$5:$J$200,"選考中") | G15: =COUNTIFS('企業一覧'!$B$5:$B$200,$B15,'企業一覧'!$J$5:$J$200,"内定") | H15: =COUNTIFS('企業一覧'!$B$5:$B$200,$B15,'企業一覧'!$J$5:$J$200,"落選") | I15: =COUNTIFS('企業一覧'!$B$5:$B$200,$B15,'企業一覧'!$J$5:$J$200,"見送り")
B16: 良い | C16: =COUNTIFS('企業一覧'!$B$5:$B$200,$B16,'企業一覧'!$J$5:$J$200,"未応募") | D16: =COUNTIFS('企業一覧'!$B$5:$B$200,$B16,'企業一覧'!$J$5:$J$200,"応募予定") | E16: =COUNTIFS('企業一覧'!$B$5:$B$200,$B16,'企業一覧'!$J$5:$J$200,"ES提出済") | F16: =COUNTIFS('企業一覧'!$B$5:$B$200,$B16,'企業一覧'!$J$5:$J$200,"選考中") | G16: =COUNTIFS('企業一覧'!$B$5:$B$200,$B16,'企業一覧'!$J$5:$J$200,"内定") | H16: =COUNTIFS('企業一覧'!$B$5:$B$200,$B16,'企業一覧'!$J$5:$J$200,"落選") | I16: =COUNTIFS('企業一覧'!$B$5:$B$200,$B16,'企業一覧'!$J$5:$J$200,"見送り")
B17: 滑り止め | C17: =COUNTIFS('企業一覧'!$B$5:$B$200,$B17,'企業一覧'!$J$5:$J$200,"未応募") | D17: =COUNTIFS('企業一覧'!$B$5:$B$200,$B17,'企業一覧'!$J$5:$J$200,"応募予定") | E17: =COUNTIFS('企業一覧'!$B$5:$B$200,$B17,'企業一覧'!$J$5:$J$200,"ES提出済") | F17: =COUNTIFS('企業一覧'!$B$5:$B$200,$B17,'企業一覧'!$J$5:$J$200,"選考中") | G17: =COUNTIFS('企業一覧'!$B$5:$B$200,$B17,'企業一覧'!$J$5:$J$200,"内定") | H17: =COUNTIFS('企業一覧'!$B$5:$B$200,$B17,'企業一覧'!$J$5:$J$200,"落選") | I17: =COUNTIFS('企業一覧'!$B$5:$B$200,$B17,'企業一覧'!$J$5:$J$200,"見送り")
B18: 合計 | C18: =SUM(C15:C17) | D18: =SUM(D15:D17) | E18: =SUM(E15:E17) | F18: =SUM(F15:F17) | G18: =SUM(G15:G17) | H18: =SUM(H15:H17) | I18: =SUM(I15:I17)
B21: ③ 応募判断のポイント
B22: 最高 | C22: 本命。インターン経由の早期選考ルートが多いので、インターンは最優先で全部エントリー。
B23: 良い | C23: 安定志向の軸。技術系・技術営業はインターン参加で推薦・リクルーター面談につながりやすい。
B24: 滑り止め | C24: 内定確保用。住友化学はインターン参加済みなので本選考の優遇を確認しておく。
B25: バランス | C25: 目安：最高5〜9社・良い5〜8社・滑り止め3〜5社。①の社数が偏っていないか確認。
B27: ※平均年収は目安（公開情報ベースの概算）です。企業一覧で実数に書き換えると自動で反映されます。

Sheet 企業一覧
A1: インターン・本選考 企業比較表
A2: 青字＝自分で入力するセル／ランク・状況はプルダウン選択。最終行の下に行を足すだけで企業を追加できます（200行目まで設定済み）。
A4: No | B4: ランク | C4: 業界 | D4: 企業名 | E4: 職種・コース | F4: 平均年収目安 (万円) | G4: 志望度 (1〜5) | H4: インターン 状況 | I4: インターン 締切 | J4: 本選考 状況 | K4: 本選考 締切 | L4: 次の締切 | M4: 残り日数 | N4: 優先度 スコア | O4: メモ
A5: =IF(D5="","",ROW()-4) | B5: 最高 | C5: 人材・広告 | D5: リクルート | E5: ビジネス職 | F5: 1000 | G5: 5 | H5: 未応募 | J5: 未応募 | L5: =IF(COUNT(I5,K5)=0,"",MIN(I5,K5)) | M5: =IF(L5="","",L5-TODAY()) | N5: =IF(D5="","",IF(B5="最高",30,IF(B5="良い",20,IF(B5="滑り止め",10,0)))+N(G5)*2+IF(F5="",0,MIN(F5/100,15)))
A6: =IF(D6="","",ROW()-4) | B6: 最高 | C6: コンサル | D6: PwCコンサルティング | E6: ビジネスコンサル | F6: 1000 | G6: 5 | H6: 未応募 | J6: 未応募 | L6: =IF(COUNT(I6,K6)=0,"",MIN(I6,K6)) | M6: =IF(L6="","",L6-TODAY()) | N6: =IF(D6="","",IF(B6="最高",30,IF(B6="良い",20,IF(B6="滑り止め",10,0)))+N(G6)*2+IF(F6="",0,MIN(F6/100,15)))
A7: =IF(D7="","",ROW()-4) | B7: 最高 | C7: コンサル | D7: EYストラテジー・アンド・コンサルティング | E7: コンサル | F7: 1000 | G7: 5 | H7: 未応募 | J7: 未応募 | L7: =IF(COUNT(I7,K7)=0,"",MIN(I7,K7)) | M7: =IF(L7="","",L7-TODAY()) | N7: =IF(D7="","",IF(B7="最高",30,IF(B7="良い",20,IF(B7="滑り止め",10,0)))+N(G7)*2+IF(F7="",0,MIN(F7/100,15)))
A8: =IF(D8="","",ROW()-4) | B8: 最高 | C8: コンサル | D8: ベイカレント・コンサルティング | E8: コンサル | F8: 1150 | G8: 5 | H8: 未応募 | J8: 未応募 | L8: =IF(COUNT(I8,K8)=0,"",MIN(I8,K8)) | M8: =IF(L8="","",L8-TODAY()) | N8: =IF(D8="","",IF(B8="最高",30,IF(B8="良い",20,IF(B8="滑り止め",10,0)))+N(G8)*2+IF(F8="",0,MIN(F8/100,15)))
A9: =IF(D9="","",ROW()-4) | B9: 最高 | C9: コンサル | D9: シグマクシス | E9: コンサル | F9: 1000 | G9: 5 | H9: 未応募 | J9: 未応募 | L9: =IF(COUNT(I9,K9)=0,"",MIN(I9,K9)) | M9: =IF(L9="","",L9-TODAY()) | N9: =IF(D9="","",IF(B9="最高",30,IF(B9="良い",20,IF(B9="滑り止め",10,0)))+N(G9)*2+IF(F9="",0,MIN(F9/100,15))) | O9: ※元メモ「まぐマクシス」→シグマクシスと推定。違えば修正
A10: =IF(D10="","",ROW()-4) | B10: 最高 | C10: コンサル | D10: デロイト トーマツ コンサルティング | E10: コンサル | F10: 1000 | G10: 5 | H10: 未応募 | J10: 未応募 | L10: =IF(COUNT(I10,K10)=0,"",MIN(I10,K10)) | M10: =IF(L10="","",L10-TODAY()) | N10: =IF(D10="","",IF(B10="最高",30,IF(B10="良い",20,IF(B10="滑り止め",10,0)))+N(G10)*2+IF(F10="",0,MIN(F10/100,15)))
A11: =IF(D11="","",ROW()-4) | B11: 最高 | C11: コンサル | D11: KPMGコンサルティング | E11: コンサル | F11: 950 | G11: 5 | H11: 未応募 | J11: 未応募 | L11: =IF(COUNT(I11,K11)=0,"",MIN(I11,K11)) | M11: =IF(L11="","",L11-TODAY()) | N11: =IF(D11="","",IF(B11="最高",30,IF(B11="良い",20,IF(B11="滑り止め",10,0)))+N(G11)*2+IF(F11="",0,MIN(F11/100,15)))
A12: =IF(D12="","",ROW()-4) | B12: 最高 | C12: IT | D12: 野村総合研究所（NRI） | E12: コンサル／ITソリューション | F12: 1250 | G12: 5 | H12: 未応募 | J12: 未応募 | L12: =IF(COUNT(I12,K12)=0,"",MIN(I12,K12)) | M12: =IF(L12="","",L12-TODAY()) | N12: =IF(D12="","",IF(B12="最高",30,IF(B12="良い",20,IF(B12="滑り止め",10,0)))+N(G12)*2+IF(F12="",0,MIN(F12/100,15)))
A13: =IF(D13="","",ROW()-4) | B13: 最高 | C13: IT | D13: サイバーエージェント | E13: ビジネス職 | F13: 850 | G13: 5 | H13: 未応募 | J13: 未応募 | L13: =IF(COUNT(I13,K13)=0,"",MIN(I13,K13)) | M13: =IF(L13="","",L13-TODAY()) | N13: =IF(D13="","",IF(B13="最高",30,IF(B13="良い",20,IF(B13="滑り止め",10,0)))+N(G13)*2+IF(F13="",0,MIN(F13/100,15)))
A14: =IF(D14="","",ROW()-4) | B14: 良い | C14: 鉄鋼・素材 | D14: 日本製鉄 | E14: 技術系 | F14: 850 | G14: 4 | H14: 未応募 | J14: 未応募 | L14: =IF(COUNT(I14,K14)=0,"",MIN(I14,K14)) | M14: =IF(L14="","",L14-TODAY()) | N14: =IF(D14="","",IF(B14="最高",30,IF(B14="良い",20,IF(B14="滑り止め",10,0)))+N(G14)*2+IF(F14="",0,MIN(F14/100,15)))
A15: =IF(D15="","",ROW()-4) | B15: 良い | C15: プラント・エンジ | D15: 日鉄エンジニアリング | E15: 技術系 | F15: 850 | G15: 4 | H15: 未応募 | J15: 未応募 | L15: =IF(COUNT(I15,K15)=0,"",MIN(I15,K15)) | M15: =IF(L15="","",L15-TODAY()) | N15: =IF(D15="","",IF(B15="最高",30,IF(B15="良い",20,IF(B15="滑り止め",10,0)))+N(G15)*2+IF(F15="",0,MIN(F15/100,15)))
A16: =IF(D16="","",ROW()-4) | B16: 良い | C16: 技術営業 | D16: 日立製作所 | E16: 技術営業 | F16: 900 | G16: 4 | H16: 未応募 | J16: 未応募 | L16: =IF(COUNT(I16,K16)=0,"",MIN(I16,K16)) | M16: =IF(L16="","",L16-TODAY()) | N16: =IF(D16="","",IF(B16="最高",30,IF(B16="良い",20,IF(B16="滑り止め",10,0)))+N(G16)*2+IF(F16="",0,MIN(F16/100,15)))
A17: =IF(D17="","",ROW()-4) | B17: 良い | C17: 商社 | D17: 岩谷産業 | E17: 技術営業／総合職 | F17: 900 | G17: 4 | H17: 未応募 | J17: 未応募 | L17: =IF(COUNT(I17,K17)=0,"",MIN(I17,K17)) | M17: =IF(L17="","",L17-TODAY()) | N17: =IF(D17="","",IF(B17="最高",30,IF(B17="良い",20,IF(B17="滑り止め",10,0)))+N(G17)*2+IF(F17="",0,MIN(F17/100,15)))
A18: =IF(D18="","",ROW()-4) | B18: 良い | C18: プラント・エンジ | D18: 日揮 | E18: 技術系 | F18: 950 | G18: 4 | H18: 未応募 | J18: 未応募 | L18: =IF(COUNT(I18,K18)=0,"",MIN(I18,K18)) | M18: =IF(L18="","",L18-TODAY()) | N18: =IF(D18="","",IF(B18="最高",30,IF(B18="良い",20,IF(B18="滑り止め",10,0)))+N(G18)*2+IF(F18="",0,MIN(F18/100,15)))
A19: =IF(D19="","",ROW()-4) | B19: 良い | C19: プラント・エンジ | D19: 千代田化工建設 | E19: 技術系 | F19: 850 | G19: 4 | H19: 未応募 | J19: 未応募 | L19: =IF(COUNT(I19,K19)=0,"",MIN(I19,K19)) | M19: =IF(L19="","",L19-TODAY()) | N19: =IF(D19="","",IF(B19="最高",30,IF(B19="良い",20,IF(B19="滑り止め",10,0)))+N(G19)*2+IF(F19="",0,MIN(F19/100,15)))
A20: =IF(D20="","",ROW()-4) | B20: 良い | C20: 技術営業 | D20: （候補）キーエンス | E20: 技術営業 | F20: 2000 | G20: 3 | H20: 未応募 | J20: 未応募 | L20: =IF(COUNT(I20,K20)=0,"",MIN(I20,K20)) | M20: =IF(L20="","",L20-TODAY()) | N20: =IF(D20="","",IF(B20="最高",30,IF(B20="良い",20,IF(B20="滑り止め",10,0)))+N(G20)*2+IF(F20="",0,MIN(F20/100,15))) | O20: 技術営業で給料高い枠の候補。不要なら行を削除
A21: =IF(D21="","",ROW()-4) | B21: 良い | C21: 半導体・電機メーカー | D21: 東京エレクトロン | E21: 文系職（営業・管理系） | F21: 950 | G21: 4 | H21: 未応募 | J21: 未応募 | L21: =IF(COUNT(I21,K21)=0,"",MIN(I21,K21)) | M21: =IF(L21="","",L21-TODAY()) | N21: =IF(D21="","",IF(B21="最高",30,IF(B21="良い",20,IF(B21="滑り止め",10,0)))+N(G21)*2+IF(F21="",0,MIN(F21/100,15))) | O21: 文系職で応募。950=口コミの営業職平均935万・総合職965万（OpenWork）。有報の全社平均は1,354万（2025/3期・平均43.5歳）
A22: =IF(D22="","",ROW()-4) | B22: 良い | C22: IT | D22: （候補）NTTデータ | E22: SE／コンサル | F22: 850 | G22: 3 | H22: 未応募 | J22: 未応募 | L22: =IF(COUNT(I22,K22)=0,"",MIN(I22,K22)) | M22: =IF(L22="","",L22-TODAY()) | N22: =IF(D22="","",IF(B22="最高",30,IF(B22="良い",20,IF(B22="滑り止め",10,0)))+N(G22)*2+IF(F22="",0,MIN(F22/100,15))) | O22: ITで給料高い枠の候補
A23: =IF(D23="","",ROW()-4) | B23: 良い | C23: IT | D23: （候補）伊藤忠テクノソリューションズ | E23: SE／技術営業 | F23: 950 | G23: 3 | H23: 未応募 | J23: 未応募 | L23: =IF(COUNT(I23,K23)=0,"",MIN(I23,K23)) | M23: =IF(L23="","",L23-TODAY()) | N23: =IF(D23="","",IF(B23="最高",30,IF(B23="良い",20,IF(B23="滑り止め",10,0)))+N(G23)*2+IF(F23="",0,MIN(F23/100,15))) | O23: ITで給料高い枠の候補
A24: =IF(D24="","",ROW()-4) | B24: 滑り止め | C24: 鉄鋼・素材 | D24: 神戸製鋼所 | E24: 技術系 | F24: 750 | G24: 3 | H24: 未応募 | J24: 未応募 | L24: =IF(COUNT(I24,K24)=0,"",MIN(I24,K24)) | M24: =IF(L24="","",L24-TODAY()) | N24: =IF(D24="","",IF(B24="最高",30,IF(B24="良い",20,IF(B24="滑り止め",10,0)))+N(G24)*2+IF(F24="",0,MIN(F24/100,15)))
A25: =IF(D25="","",ROW()-4) | B25: 滑り止め | C25: 化学 | D25: 住友化学 | E25: 技術系 | F25: 900 | G25: 3 | H25: 参加済み | J25: 未応募 | L25: =IF(COUNT(I25,K25)=0,"",MIN(I25,K25)) | M25: =IF(L25="","",L25-TODAY()) | N25: =IF(D25="","",IF(B25="最高",30,IF(B25="良い",20,IF(B25="滑り止め",10,0)))+N(G25)*2+IF(F25="",0,MIN(F25/100,15))) | O25: 夏インターン参加済み → 本選考で優遇の可能性あり
A26: =IF(D26="","",ROW()-4) | B26: 滑り止め | C26: コンサル | D26: （候補）アビームコンサルティング | E26: コンサル | F26: 850 | G26: 3 | H26: 未応募 | J26: 未応募 | L26: =IF(COUNT(I26,K26)=0,"",MIN(I26,K26)) | M26: =IF(L26="","",L26-TODAY()) | N26: =IF(D26="","",IF(B26="最高",30,IF(B26="良い",20,IF(B26="滑り止め",10,0)))+N(G26)*2+IF(F26="",0,MIN(F26/100,15))) | O26: コンサル（給料やや低め）枠の候補
A27: =IF(D27="","",ROW()-4) | B27: 滑り止め | C27: コンサル | D27: （候補）日立コンサルティング | E27: コンサル | F27: 850 | G27: 3 | H27: 未応募 | J27: 未応募 | L27: =IF(COUNT(I27,K27)=0,"",MIN(I27,K27)) | M27: =IF(L27="","",L27-TODAY()) | N27: =IF(D27="","",IF(B27="最高",30,IF(B27="良い",20,IF(B27="滑り止め",10,0)))+N(G27)*2+IF(F27="",0,MIN(F27/100,15))) | O27: コンサル（給料やや低め）枠の候補
A28: =IF(D28="","",ROW()-4) | L28: =IF(COUNT(I28,K28)=0,"",MIN(I28,K28)) | M28: =IF(L28="","",L28-TODAY()) | N28: =IF(D28="","",IF(B28="最高",30,IF(B28="良い",20,IF(B28="滑り止め",10,0)))+N(G28)*2+IF(F28="",0,MIN(F28/100,15)))
A29: =IF(D29="","",ROW()-4) | L29: =IF(COUNT(I29,K29)=0,"",MIN(I29,K29)) | M29: =IF(L29="","",L29-TODAY()) | N29: =IF(D29="","",IF(B29="最高",30,IF(B29="良い",20,IF(B29="滑り止め",10,0)))+N(G29)*2+IF(F29="",0,MIN(F29/100,15)))
A30: =IF(D30="","",ROW()-4) | L30: =IF(COUNT(I30,K30)=0,"",MIN(I30,K30)) | M30: =IF(L30="","",L30-TODAY()) | N30: =IF(D30="","",IF(B30="最高",30,IF(B30="良い",20,IF(B30="滑り止め",10,0)))+N(G30)*2+IF(F30="",0,MIN(F30/100,15)))
A31: =IF(D31="","",ROW()-4) | L31: =IF(COUNT(I31,K31)=0,"",MIN(I31,K31)) | M31: =IF(L31="","",L31-TODAY()) | N31: =IF(D31="","",IF(B31="最高",30,IF(B31="良い",20,IF(B31="滑り止め",10,0)))+N(G31)*2+IF(F31="",0,MIN(F31/100,15)))
A32: =IF(D32="","",ROW()-4) | L32: =IF(COUNT(I32,K32)=0,"",MIN(I32,K32)) | M32: =IF(L32="","",L32-TODAY()) | N32: =IF(D32="","",IF(B32="最高",30,IF(B32="良い",20,IF(B32="滑り止め",10,0)))+N(G32)*2+IF(F32="",0,MIN(F32/100,15)))
A33: =IF(D33="","",ROW()-4) | L33: =IF(COUNT(I33,K33)=0,"",MIN(I33,K33)) | M33: =IF(L33="","",L33-TODAY()) | N33: =IF(D33="","",IF(B33="最高",30,IF(B33="良い",20,IF(B33="滑り止め",10,0)))+N(G33)*2+IF(F33="",0,MIN(F33/100,15)))
A34: =IF(D34="","",ROW()-4) | L34: =IF(COUNT(I34,K34)=0,"",MIN(I34,K34)) | M34: =IF(L34="","",L34-TODAY()) | N34: =IF(D34="","",IF(B34="最高",30,IF(B34="良い",20,IF(B34="滑り止め",10,0)))+N(G34)*2+IF(F34="",0,MIN(F34/100,15)))
A35: =IF(D35="","",ROW()-4) | L35: =IF(COUNT(I35,K35)=0,"",MIN(I35,K35)) | M35: =IF(L35="","",L35-TODAY()) | N35: =IF(D35="","",IF(B35="最高",30,IF(B35="良い",20,IF(B35="滑り止め",10,0)))+N(G35)*2+IF(F35="",0,MIN(F35/100,15)))
A36: =IF(D36="","",ROW()-4) | L36: =IF(COUNT(I36,K36)=0,"",MIN(I36,K36)) | M36: =IF(L36="","",L36-TODAY()) | N36: =IF(D36="","",IF(B36="最高",30,IF(B36="良い",20,IF(B36="滑り止め",10,0)))+N(G36)*2+IF(F36="",0,MIN(F36/100,15)))
A37: =IF(D37="","",ROW()-4) | L37: =IF(COUNT(I37,K37)=0,"",MIN(I37,K37)) | M37: =IF(L37="","",L37-TODAY()) | N37: =IF(D37="","",IF(B37="最高",30,IF(B37="良い",20,IF(B37="滑り止め",10,0)))+N(G37)*2+IF(F37="",0,MIN(F37/100,15)))
A38: =IF(D38="","",ROW()-4) | L38: =IF(COUNT(I38,K38)=0,"",MIN(I38,K38)) | M38: =IF(L38="","",L38-TODAY()) | N38: =IF(D38="","",IF(B38="最高",30,IF(B38="良い",20,IF(B38="滑り止め",10,0)))+N(G38)*2+IF(F38="",0,MIN(F38/100,15)))
A39: =IF(D39="","",ROW()-4) | L39: =IF(COUNT(I39,K39)=0,"",MIN(I39,K39)) | M39: =IF(L39="","",L39-TODAY()) | N39: =IF(D39="","",IF(B39="最高",30,IF(B39="良い",20,IF(B39="滑り止め",10,0)))+N(G39)*2+IF(F39="",0,MIN(F39/100,15)))
... A200: =IF(D200="","",ROW()-4) | L200: =IF(COUNT(I200,K200)=0,"",MIN(I200,K200)) | M200: =IF(L200="","",L200-TODAY()) | N200: =IF(D200="","",IF(B200="最高",30,IF(B200="良い",20,IF(B200="滑り止め",10,0)))+N(G200)*2+IF(F200="",0,MIN(F200/100,15)))

Sheet 事務系比率調査
B2: 化学・素材メーカーの事務系（文系職）採用比率 調査
B3: Web検索で見つかった公開データ（就活サイト・各社採用ページ）を集計。2026年9月時点。人数は青字＝入力値なので、正確な数字が分かれば上書きすると再計算されます。
B5: 会社 | C5: 年度 | D5: 事務系 (名) | E5: 技術系 (名) | F5: 合計 | G5: 事務系 比率 | H5: データの種類 | I5: 注意点
B6: 住友化学 | C6: 2025 | D6: 21 | E6: 36 | F6: =D6+E6 | G6: =IF(F6=0,"",D6/F6) | H6: 実績 | I6: 総合職（クリエイティブスタッフ）のみ。事務系21名の内訳は学士20・修士1。2021年度は全体で文系32・理系81
B7: 信越化学工業 | C7: 2020-2026計 | D7: 83 | E7: 529 | F7: =D7+E7 | G7: =IF(F7=0,"",D7/F7) | H7: 実績 | I7: 7年分の合計（一般職は除く）。2025年は事務15・技術89
B8: 三井化学 | C8: 2025 | D8: 22 | E8: 97 | F8: =D8+E8 | G8: =IF(F8=0,"",D8/F8) | H8: 実績
B9: 東レ | C9: 2025 | D9: 61 | E9: 118 | F9: =D9+E9 | G9: =IF(F9=0,"",D9/F9) | H9: 実績 | I9: 118/61を男女別とする情報もあり要確認。2024年は事務62・技術141
B10: 日産化学 | C10: 2023-2025計 | D10: 22 | E10: 95 | F10: =D10+E10 | G10: =IF(F10=0,"",D10/F10) | H10: 実績 | I10: 3年分の合計
B11: AGC | C11: 2024 | D11: 26 | E11: 128 | F11: =D11+E11 | G11: =IF(F11=0,"",D11/F11) | H11: 実績 | I11: 2026年予定は事務22・技術90
B12: 日東電工 | C12: 2025 | D12: 18 | E12: 105 | F12: =D12+E12 | G12: =IF(F12=0,"",D12/F12) | H12: 実績 | I12: 事務系＝営業管理系
B13: 住友ベークライト | C13: 2022-2024計 | D13: 31 | E13: 57 | F13: =D13+E13 | G13: =IF(F13=0,"",D13/F13) | H13: 実績 | I13: 3年分の合計
B14: JFEスチール | C14: 2023-2025計 | D14: 143 | E14: 341 | F14: =D14+E14 | G14: =IF(F14=0,"",D14/F14) | H14: 実績 | I14: 3年分の合計
B15: 東ソー | C15: 例年 | D15: 20 | E15: 80 | F15: =D15+E15 | G15: =IF(F15=0,"",D15/F15) | H15: 概数 | I15: 「例年 事務20・技術80前後」という記載
B16: レゾナック | C16: 例年 | D16: 30 | E16: 120 | F16: =D16+E16 | G16: =IF(F16=0,"",D16/F16) | H16: 概数 | I16: 「全体約150・文系職約30」という記載
B17: クラレ | C17: 2026募集 | D17: 20 | E17: 45 | F17: =D17+E17 | G17: =IF(F17=0,"",D17/F17) | H17: 募集人数 | I17: 募集 事務15〜25・技術40〜50 の中央値
B19: 全社合計（人数で加重） | D19: =SUM(D6:D17) | E19: =SUM(E6:E17) | F19: =D19+E19 | G19: =D19/F19
B20: 会社ごと比率の中央値 | G20: =MEDIAN(G6:G17)
B21: 会社ごと比率の最小〜最大 | G21: =TEXT(MIN(G6:G17),"0%")&"〜"&TEXT(MAX(G6:G17),"0%")
B23: ・「事務系の中の文系・理系の割合」を公開している会社は見つからなかったため、事務系（≒文系職）が採用全体に占める割合で比較しています。
B24: ・事務系には理系の学生も応募できるので、実際に文系の学生が入れる枠は事務系の人数より少し少なくなります。
B25: ・住友化学の事務系21名は学士20名・修士1名で、ほとんどが学部卒でした（文系の学生が多い可能性が高いと推測）。
B26: ・出典：各社採用サイト、マイナビ・リクナビ、ワンキャリア、unistyle などの検索結果（一部は就活サイトによる二次情報）。
B29: ② 事務系の文系・理系の内訳が分かる会社（公開数値）
B30: 会社 | C30: 年度 | D30: 文系 | E30: 理系 | F30: 合計 | G30: 理系 比率 | H30: 区分 | I30: 注意点
B31: 富士フイルムビジネスイノベーション | C31: 最新 | D31: 85 | E31: 15 | F31: =D31+E31 | G31: =IF(F31=0,"",E31/F31) | H31: メーカー事務系 | I31: 事務系コース内定者の比率（%）。技術系は理系100%。唯一見つかったメーカー事務系の直接データ
B32: 三菱商事 | C32: 2025 | D32: 108 | E32: 31 | F32: =D32+E32 | G32: =IF(F32=0,"",E32/F32) | H32: 商社（全員ビジネス職） | I32: 技術系の枠がないため、理系も全員ビジネス職
B33: 伊藤忠商事 | C33: 2024 | D33: 96 | E33: 38 | F33: =D33+E33 | G33: =IF(F33=0,"",E33/F33) | H33: 商社（全員ビジネス職） | I33: 同上
B34: 三菱UFJ銀行 | C34: 最新 | D34: 80 | E34: 20 | F34: =D34+E34 | G34: =IF(F34=0,"",E34/F34) | H34: 銀行 | I34: 「内定の2割が理系」（ニッキン報道）。デジタル等の専門コース込み
B35: ・富士フイルムBIの行は人数ではなく%（合計100）。商社・銀行は技術系の枠がない分、理系がビジネス職に流れるので、メーカー事務系より理系比率が高めに出ます。

Sheet リスト
B1: 業界（プルダウンの選択肢。追加・変更OK）
B2: コンサル
B3: IT
B4: 人材・広告
B5: 鉄鋼・素材
B6: 化学
B7: プラント・エンジ
B8: 技術営業
B9: 半導体・電機メーカー
B10: 商社
B11: その他
